{
  "version": "2020.1",
  "applications": [],
  "platforms": [
    {
      "name": "top6"
    }
  ],
  "systems": [
    {
      "name": "hackathon_system",
      "platform": "D:/Xilinx/finalproject_4/workspace4/top6/export/top6/top6.xpfm",
      "sysConfig": "top6",
      "applications": [
        {
          "name": "hackathon",
          "platform": "D:/Xilinx/finalproject_4/workspace4/top6/export/top6/top6.xpfm",
          "platformPath": "D:\\Xilinx\\finalproject_4\\workspace4\\top6\\export\\top6",
          "sysConfig": "top6",
          "domain": "domain_ps7_cortexa9_0",
          "system": "hackathon_system"
        }
      ],
      "platformPath": "D:\\Xilinx\\finalproject_4\\workspace4\\top6\\export\\top6"
    }
  ],
  "others": []
}